Admin ID,Student ID
GGAKHILESH,IIITD2019230
GGAKHILESH,IIITD2019009
GGAKHILESH,IIITD2019439
GGAKHILESH,IIITD2019012
GGAKHILESH,IIITD2018234
GGAKHILESH,IIITD2019001
GGAKHILESH,IIITD2019002
GGAKHILESH,IIITD2019003
GGAKHILESH,IIITD2019004
GGAKHILESH,IIITD2019005
GGAKHILESH,IIITD2019006
GGAKHILESH,IIITD2019007
GGAKHILESH,IIITD2019008
GGAKHILESH,IIITD2019010
GGAKHILESH,IIITD2019011
GGAKHILESH,IIITD2019013
GGAKHILESH,IIITD2019014
GGAKHILESH,IIITD2019015
GGAKHILESH,IIITD2019016
GGAKHILESH,IIITD2019017
GGAKHILESH,IIITD2019018
GGAKHILESH,IIITD2019019
GGAKHILESH,IIITD2019020
GGAKHILESH,IIITD2019021
GGAKHILESH,IIITD2019022
GGAKHILESH,IIITD2019023
GGAKHILESH,IIITD2019024
GGAKHILESH,IIITD2019025
GGAKHILESH,IIITD2019026
GGAKHILESH,IIITD2019027
GGAKHILESH,IIITD2019028
GGAKHILESH,IIITD2019029
GGAKHILESH,IIITD2019030
GGAKHILESH,IIITD2019031
GGAKHILESH,IIITD2019032
GGAKHILESH,IIITD2019033
GGAKHILESH,IIITD2019034
GGAKHILESH,IIITD2019035
GGAKHILESH,IIITD2019036
GGAKHILESH,IIITD2019037
GGAKHILESH,IIITD2019038
GGAKHILESH,IIITD2019039
GGAKHILESH,IIITD2019040
GGAKHILESH,IIITD2019041
GGAKHILESH,IIITD2019042
GGAKHILESH,IIITD2019043
GGAKHILESH,IIITD2019044
GGAKHILESH,IIITD2019045
GGAKHILESH,IIITD2019046
GGAKHILESH,IIITD2019047
GGAKHILESH,IIITD2019048
GGAKHILESH,IIITD2019049
GGAKHILESH,IIITD2019050
GGAKHILESH,IIITD2019051
GGAKHILESH,IIITD2019052
GGAKHILESH,IIITD2019053
GGAKHILESH,IIITD2019054
GGAKHILESH,IIITD2019055
GGAKHILESH,IIITD2019056
GGAKHILESH,IIITD2019057
GGAKHILESH,IIITD2019058
GGAKHILESH,IIITD2019059
GGAKHILESH,IIITD2019060
GGAKHILESH,IIITD2019061
GGAKHILESH,IIITD2019062
GGAKHILESH,IIITD2019063
GGAKHILESH,IIITD2019064
GGAKHILESH,IIITD2019065
GGAKHILESH,IIITD2019066
GGAKHILESH,IIITD2019067
GGAKHILESH,IIITD2019068
GGAKHILESH,IIITD2019069
GGAKHILESH,IIITD2019070
GGAKHILESH,IIITD2019071
GGAKHILESH,IIITD2019072
GGAKHILESH,IIITD2019073
GGAKHILESH,IIITD2019074
GGAKHILESH,IIITD2019075
GGAKHILESH,IIITD2019076
GGAKHILESH,IIITD2019077
GGAKHILESH,IIITD2019078
GGAKHILESH,IIITD2019079
GGAKHILESH,IIITD2019080
GGAKHILESH,IIITD2019081
GGAKHILESH,IIITD2019082
GGAKHILESH,IIITD2019083
GGAKHILESH,IIITD2019084
GGAKHILESH,IIITD2019085
GGAKHILESH,IIITD2019086
GGAKHILESH,IIITD2019087
GGAKHILESH,IIITD2019088
GGAKHILESH,IIITD2019089
GGAKHILESH,IIITD2019090
GGAKHILESH,IIITD2019091
GGAKHILESH,IIITD2019092
GGAKHILESH,IIITD2019093
GGAKHILESH,IIITD2019094
GGAKHILESH,IIITD2019095
GGAKHILESH,IIITD2019096
GGAKHILESH,IIITD2019097
GGAKHILESH,IIITD2019098
GGAKHILESH,IIITD2019099
GGAKHILESH,IIITD2019100
GGAKHILESH,IIITD2019101
GGAKHILESH,IIITD2019102
GGAGAMDEEP,IIITD2019230
GGAGAMDEEP,IIITD2019009
GGAGAMDEEP,IIITD2019439
GGAGAMDEEP,IIITD2019012
GGAGAMDEEP,IIITD2018234
GGAGAMDEEP,IIITD2019001
GGAGAMDEEP,IIITD2019002
GGAGAMDEEP,IIITD2019003
GGAGAMDEEP,IIITD2019004
GGAGAMDEEP,IIITD2019005
GGAGAMDEEP,IIITD2019006
GGAGAMDEEP,IIITD2019007
GGAGAMDEEP,IIITD2019008
GGAGAMDEEP,IIITD2019010
GGAGAMDEEP,IIITD2019011
GGAGAMDEEP,IIITD2019013
GGAGAMDEEP,IIITD2019014
GGAGAMDEEP,IIITD2019015
GGAGAMDEEP,IIITD2019016
GGAGAMDEEP,IIITD2019017
GGAGAMDEEP,IIITD2019018
GGAGAMDEEP,IIITD2019019
GGAGAMDEEP,IIITD2019020
GGAGAMDEEP,IIITD2019021
GGAGAMDEEP,IIITD2019022
GGAGAMDEEP,IIITD2019023
GGAGAMDEEP,IIITD2019024
GGAGAMDEEP,IIITD2019025
GGAGAMDEEP,IIITD2019026
GGAGAMDEEP,IIITD2019027
GGAGAMDEEP,IIITD2019028
GGAGAMDEEP,IIITD2019029
GGAGAMDEEP,IIITD2019030
GGAGAMDEEP,IIITD2019031
GGAGAMDEEP,IIITD2019032
GGAGAMDEEP,IIITD2019033
GGAGAMDEEP,IIITD2019034
GGAGAMDEEP,IIITD2019035
GGAGAMDEEP,IIITD2019036
GGAGAMDEEP,IIITD2019037
GGAGAMDEEP,IIITD2019038
GGAGAMDEEP,IIITD2019039
GGAGAMDEEP,IIITD2019040
GGAGAMDEEP,IIITD2019041
GGAGAMDEEP,IIITD2019042
GGAGAMDEEP,IIITD2019043
GGAGAMDEEP,IIITD2019044
GGAGAMDEEP,IIITD2019045
GGAGAMDEEP,IIITD2019046
GGAGAMDEEP,IIITD2019047
GGAGAMDEEP,IIITD2019048
GGAGAMDEEP,IIITD2019049
GGAGAMDEEP,IIITD2019050
GGAGAMDEEP,IIITD2019051
GGAGAMDEEP,IIITD2019052
GGAGAMDEEP,IIITD2019053
GGAGAMDEEP,IIITD2019054
GGAGAMDEEP,IIITD2019055
GGAGAMDEEP,IIITD2019056
GGAGAMDEEP,IIITD2019057
GGAGAMDEEP,IIITD2019058
GGAGAMDEEP,IIITD2019059
GGAGAMDEEP,IIITD2019060
GGAGAMDEEP,IIITD2019061
GGAGAMDEEP,IIITD2019062
GGAGAMDEEP,IIITD2019063
GGAGAMDEEP,IIITD2019064
GGAGAMDEEP,IIITD2019065
GGAGAMDEEP,IIITD2019066
GGAGAMDEEP,IIITD2019067
GGAGAMDEEP,IIITD2019068
GGAGAMDEEP,IIITD2019069
GGAGAMDEEP,IIITD2019070
GGAGAMDEEP,IIITD2019071
GGAGAMDEEP,IIITD2019072
GGAGAMDEEP,IIITD2019073
GGAGAMDEEP,IIITD2019074
GGAGAMDEEP,IIITD2019075
GGAGAMDEEP,IIITD2019076
GGAGAMDEEP,IIITD2019077
GGAGAMDEEP,IIITD2019078
GGAGAMDEEP,IIITD2019079
GGAGAMDEEP,IIITD2019080
GGAGAMDEEP,IIITD2019081
GGAGAMDEEP,IIITD2019082
GGAGAMDEEP,IIITD2019083
GGAGAMDEEP,IIITD2019084
GGAGAMDEEP,IIITD2019085
GGAGAMDEEP,IIITD2019086
GGAGAMDEEP,IIITD2019087
GGAGAMDEEP,IIITD2019088
GGAGAMDEEP,IIITD2019089
GGAGAMDEEP,IIITD2019090
GGAGAMDEEP,IIITD2019091
GGAGAMDEEP,IIITD2019092
GGAGAMDEEP,IIITD2019093
GGAGAMDEEP,IIITD2019094
GGAGAMDEEP,IIITD2019095
GGAGAMDEEP,IIITD2019096
GGAGAMDEEP,IIITD2019097
GGAGAMDEEP,IIITD2019098
GGAGAMDEEP,IIITD2019099
GGAGAMDEEP,IIITD2019100
GGAGAMDEEP,IIITD2019101
GGAGAMDEEP,IIITD2019102
GGPRAKRITI,IIITD2019230
GGPRAKRITI,IIITD2019009
GGPRAKRITI,IIITD2019439
GGPRAKRITI,IIITD2019012
GGPRAKRITI,IIITD2018234
GGPRAKRITI,IIITD2019001
GGPRAKRITI,IIITD2019002
GGPRAKRITI,IIITD2019003
GGPRAKRITI,IIITD2019004
GGPRAKRITI,IIITD2019005
GGPRAKRITI,IIITD2019006
GGPRAKRITI,IIITD2019007
GGPRAKRITI,IIITD2019008
GGPRAKRITI,IIITD2019010
GGPRAKRITI,IIITD2019011
GGPRAKRITI,IIITD2019013
GGPRAKRITI,IIITD2019014
GGPRAKRITI,IIITD2019015
GGPRAKRITI,IIITD2019016
GGPRAKRITI,IIITD2019017
GGPRAKRITI,IIITD2019018
GGPRAKRITI,IIITD2019019
GGPRAKRITI,IIITD2019020
GGPRAKRITI,IIITD2019021
GGPRAKRITI,IIITD2019022
GGPRAKRITI,IIITD2019023
GGPRAKRITI,IIITD2019024
GGPRAKRITI,IIITD2019025
GGPRAKRITI,IIITD2019026
GGPRAKRITI,IIITD2019027
GGPRAKRITI,IIITD2019028
GGPRAKRITI,IIITD2019029
GGPRAKRITI,IIITD2019030
GGPRAKRITI,IIITD2019031
GGPRAKRITI,IIITD2019032
GGPRAKRITI,IIITD2019033
GGPRAKRITI,IIITD2019034
GGPRAKRITI,IIITD2019035
GGPRAKRITI,IIITD2019036
GGPRAKRITI,IIITD2019037
GGPRAKRITI,IIITD2019038
GGPRAKRITI,IIITD2019039
GGPRAKRITI,IIITD2019040
GGPRAKRITI,IIITD2019041
GGPRAKRITI,IIITD2019042
GGPRAKRITI,IIITD2019043
GGPRAKRITI,IIITD2019044
GGPRAKRITI,IIITD2019045
GGPRAKRITI,IIITD2019046
GGPRAKRITI,IIITD2019047
GGPRAKRITI,IIITD2019048
GGPRAKRITI,IIITD2019049
GGPRAKRITI,IIITD2019050
GGPRAKRITI,IIITD2019051
GGPRAKRITI,IIITD2019052
GGPRAKRITI,IIITD2019053
GGPRAKRITI,IIITD2019054
GGPRAKRITI,IIITD2019055
GGPRAKRITI,IIITD2019056
GGPRAKRITI,IIITD2019057
GGPRAKRITI,IIITD2019058
GGPRAKRITI,IIITD2019059
GGPRAKRITI,IIITD2019060
GGPRAKRITI,IIITD2019061
GGPRAKRITI,IIITD2019062
GGPRAKRITI,IIITD2019063
GGPRAKRITI,IIITD2019064
GGPRAKRITI,IIITD2019065
GGPRAKRITI,IIITD2019066
GGPRAKRITI,IIITD2019067
GGPRAKRITI,IIITD2019068
GGPRAKRITI,IIITD2019069
GGPRAKRITI,IIITD2019070
GGPRAKRITI,IIITD2019071
GGPRAKRITI,IIITD2019072
GGPRAKRITI,IIITD2019073
GGPRAKRITI,IIITD2019074
GGPRAKRITI,IIITD2019075
GGPRAKRITI,IIITD2019076
GGPRAKRITI,IIITD2019077
GGPRAKRITI,IIITD2019078
GGPRAKRITI,IIITD2019079
GGPRAKRITI,IIITD2019080
GGPRAKRITI,IIITD2019081
GGPRAKRITI,IIITD2019082
GGPRAKRITI,IIITD2019083
GGPRAKRITI,IIITD2019084
GGPRAKRITI,IIITD2019085
GGPRAKRITI,IIITD2019086
GGPRAKRITI,IIITD2019087
GGPRAKRITI,IIITD2019088
GGPRAKRITI,IIITD2019089
GGPRAKRITI,IIITD2019090
GGPRAKRITI,IIITD2019091
GGPRAKRITI,IIITD2019092
GGPRAKRITI,IIITD2019093
GGPRAKRITI,IIITD2019094
GGPRAKRITI,IIITD2019095
GGPRAKRITI,IIITD2019096
GGPRAKRITI,IIITD2019097
GGPRAKRITI,IIITD2019098
GGPRAKRITI,IIITD2019099
GGPRAKRITI,IIITD2019100
GGPRAKRITI,IIITD2019101
GGPRAKRITI,IIITD2019102
GGAKASHJ__,IIITD2019230
GGAKASHJ__,IIITD2019009
GGAKASHJ__,IIITD2019439
GGAKASHJ__,IIITD2019012
GGAKASHJ__,IIITD2018234
GGAKASHJ__,IIITD2019001
GGAKASHJ__,IIITD2019002
GGAKASHJ__,IIITD2019003
GGAKASHJ__,IIITD2019004
GGAKASHJ__,IIITD2019005
GGAKASHJ__,IIITD2019006
GGAKASHJ__,IIITD2019007
GGAKASHJ__,IIITD2019008
GGAKASHJ__,IIITD2019010
GGAKASHJ__,IIITD2019011
GGAKASHJ__,IIITD2019013
GGAKASHJ__,IIITD2019014
GGAKASHJ__,IIITD2019015
GGAKASHJ__,IIITD2019016
GGAKASHJ__,IIITD2019017
GGAKASHJ__,IIITD2019018
GGAKASHJ__,IIITD2019019
GGAKASHJ__,IIITD2019020
GGAKASHJ__,IIITD2019021
GGAKASHJ__,IIITD2019022
GGAKASHJ__,IIITD2019023
GGAKASHJ__,IIITD2019024
GGAKASHJ__,IIITD2019025
GGAKASHJ__,IIITD2019026
GGAKASHJ__,IIITD2019027
GGAKASHJ__,IIITD2019028
GGAKASHJ__,IIITD2019029
GGAKASHJ__,IIITD2019030
GGAKASHJ__,IIITD2019031
GGAKASHJ__,IIITD2019032
GGAKASHJ__,IIITD2019033
GGAKASHJ__,IIITD2019034
GGAKASHJ__,IIITD2019035
GGAKASHJ__,IIITD2019036
GGAKASHJ__,IIITD2019037
GGAKASHJ__,IIITD2019038
GGAKASHJ__,IIITD2019039
GGAKASHJ__,IIITD2019040
GGAKASHJ__,IIITD2019041
GGAKASHJ__,IIITD2019042
GGAKASHJ__,IIITD2019043
GGAKASHJ__,IIITD2019044
GGAKASHJ__,IIITD2019045
GGAKASHJ__,IIITD2019046
GGAKASHJ__,IIITD2019047
GGAKASHJ__,IIITD2019048
GGAKASHJ__,IIITD2019049
GGAKASHJ__,IIITD2019050
GGAKASHJ__,IIITD2019051
GGAKASHJ__,IIITD2019052
GGAKASHJ__,IIITD2019053
GGAKASHJ__,IIITD2019054
GGAKASHJ__,IIITD2019055
GGAKASHJ__,IIITD2019056
GGAKASHJ__,IIITD2019057
GGAKASHJ__,IIITD2019058
GGAKASHJ__,IIITD2019059
GGAKASHJ__,IIITD2019060
GGAKASHJ__,IIITD2019061
GGAKASHJ__,IIITD2019062
GGAKASHJ__,IIITD2019063
GGAKASHJ__,IIITD2019064
GGAKASHJ__,IIITD2019065
GGAKASHJ__,IIITD2019066
GGAKASHJ__,IIITD2019067
GGAKASHJ__,IIITD2019068
GGAKASHJ__,IIITD2019069
GGAKASHJ__,IIITD2019070
GGAKASHJ__,IIITD2019071
GGAKASHJ__,IIITD2019072
GGAKASHJ__,IIITD2019073
GGAKASHJ__,IIITD2019074
GGAKASHJ__,IIITD2019075
GGAKASHJ__,IIITD2019076
GGAKASHJ__,IIITD2019077
GGAKASHJ__,IIITD2019078
GGAKASHJ__,IIITD2019079
GGAKASHJ__,IIITD2019080
GGAKASHJ__,IIITD2019081
GGAKASHJ__,IIITD2019082
GGAKASHJ__,IIITD2019083
GGAKASHJ__,IIITD2019084
GGAKASHJ__,IIITD2019085
GGAKASHJ__,IIITD2019086
GGAKASHJ__,IIITD2019087
GGAKASHJ__,IIITD2019088
GGAKASHJ__,IIITD2019089
GGAKASHJ__,IIITD2019090
GGAKASHJ__,IIITD2019091
GGAKASHJ__,IIITD2019092
GGAKASHJ__,IIITD2019093
GGAKASHJ__,IIITD2019094
GGAKASHJ__,IIITD2019095
GGAKASHJ__,IIITD2019096
GGAKASHJ__,IIITD2019097
GGAKASHJ__,IIITD2019098
GGAKASHJ__,IIITD2019099
GGAKASHJ__,IIITD2019100
GGAKASHJ__,IIITD2019101
GGAKASHJ__,IIITD2019102
GGAATISH__,IIITD2019230
GGAATISH__,IIITD2019009
GGAATISH__,IIITD2019439
GGAATISH__,IIITD2019012
GGAATISH__,IIITD2018234
GGAATISH__,IIITD2019001
GGAATISH__,IIITD2019002
GGAATISH__,IIITD2019003
GGAATISH__,IIITD2019004
GGAATISH__,IIITD2019005
GGAATISH__,IIITD2019006
GGAATISH__,IIITD2019007
GGAATISH__,IIITD2019008
GGAATISH__,IIITD2019010
GGAATISH__,IIITD2019011
GGAATISH__,IIITD2019013
GGAATISH__,IIITD2019014
GGAATISH__,IIITD2019015
GGAATISH__,IIITD2019016
GGAATISH__,IIITD2019017
GGAATISH__,IIITD2019018
GGAATISH__,IIITD2019019
GGAATISH__,IIITD2019020
GGAATISH__,IIITD2019021
GGAATISH__,IIITD2019022
GGAATISH__,IIITD2019023
GGAATISH__,IIITD2019024
GGAATISH__,IIITD2019025
GGAATISH__,IIITD2019026
GGAATISH__,IIITD2019027
GGAATISH__,IIITD2019028
GGAATISH__,IIITD2019029
GGAATISH__,IIITD2019030
GGAATISH__,IIITD2019031
GGAATISH__,IIITD2019032
GGAATISH__,IIITD2019033
GGAATISH__,IIITD2019034
GGAATISH__,IIITD2019035
GGAATISH__,IIITD2019036
GGAATISH__,IIITD2019037
GGAATISH__,IIITD2019038
GGAATISH__,IIITD2019039
GGAATISH__,IIITD2019040
GGAATISH__,IIITD2019041
GGAATISH__,IIITD2019042
GGAATISH__,IIITD2019043
GGAATISH__,IIITD2019044
GGAATISH__,IIITD2019045
GGAATISH__,IIITD2019046
GGAATISH__,IIITD2019047
GGAATISH__,IIITD2019048
GGAATISH__,IIITD2019049
GGAATISH__,IIITD2019050
GGAATISH__,IIITD2019051
GGAATISH__,IIITD2019052
GGAATISH__,IIITD2019053
GGAATISH__,IIITD2019054
GGAATISH__,IIITD2019055
GGAATISH__,IIITD2019056
GGAATISH__,IIITD2019057
GGAATISH__,IIITD2019058
GGAATISH__,IIITD2019059
GGAATISH__,IIITD2019060
GGAATISH__,IIITD2019061
GGAATISH__,IIITD2019062
GGAATISH__,IIITD2019063
GGAATISH__,IIITD2019064
GGAATISH__,IIITD2019065
GGAATISH__,IIITD2019066
GGAATISH__,IIITD2019067
GGAATISH__,IIITD2019068
GGAATISH__,IIITD2019069
GGAATISH__,IIITD2019070
GGAATISH__,IIITD2019071
GGAATISH__,IIITD2019072
GGAATISH__,IIITD2019073
GGAATISH__,IIITD2019074
GGAATISH__,IIITD2019075
GGAATISH__,IIITD2019076
GGAATISH__,IIITD2019077
GGAATISH__,IIITD2019078
GGAATISH__,IIITD2019079
GGAATISH__,IIITD2019080
GGAATISH__,IIITD2019081
GGAATISH__,IIITD2019082
GGAATISH__,IIITD2019083
GGAATISH__,IIITD2019084
GGAATISH__,IIITD2019085
GGAATISH__,IIITD2019086
GGAATISH__,IIITD2019087
GGAATISH__,IIITD2019088
GGAATISH__,IIITD2019089
GGAATISH__,IIITD2019090
GGAATISH__,IIITD2019091
GGAATISH__,IIITD2019092
GGAATISH__,IIITD2019093
GGAATISH__,IIITD2019094
GGAATISH__,IIITD2019095
GGAATISH__,IIITD2019096
GGAATISH__,IIITD2019097
GGAATISH__,IIITD2019098
GGAATISH__,IIITD2019099
GGAATISH__,IIITD2019100
GGAATISH__,IIITD2019101
GGAATISH__,IIITD2019102